公司名称,登记状态,所属行业,所属地区,企业地址,电话
深圳市亿科数字科技有限公司,,,,,
上海微祥网络科技有限公司,,,,,
睿晟天和（北京）传媒科技有限公司,,,,,
广州小迈网络科技有限公司,,,,,
浙江怡通科技有限公司,,,,,
广州新恒网络科技有限公司,,,,,
北京聚云数字信息科技有限公司,,,,,
北京品众互动网络营销技术有限公司,,,,,
福建省德化县唐丰陶瓷有限公司,,,,,
深圳市极创美奥科技有限责任公司,,,,,
广东鑫莹荣精细化工有限公司,,,,,
广州若羽臣科技股份有限公司,,,,,
阳狮-强生,,,,,
阳狮广告有限公司上海静安分公司,,,,,
成都乐游互娱科技有限公司,,,,,
多燕瘦（中国）有限公司,,,,,
广州明创传媒有限公司,,,,,
厦门魅拉生物科技有限公司,,,,,
深圳七月文化传媒有限公司,,,,,
时代中国控股有限公司,,,,,
广州唯彩会网络科技有限公司,,,,,
深圳如润数码科技有限公司,,,,,
深圳市东信时代信息技术有限公司,,,,,
深圳全民互动科技有限公司,,,,,
深圳市漫城科技开发有限公司,,,,,
西安点聚创网络科技有限责任公司,,,,,
广州俏泊商贸有限公司,,,,,
上海千条广告传媒有限公司,,,,,
上海聚告德业文化发展有限公司,,,,,
宁波法沐林网络科技有限公司,,,,,
广州黑马集吉文化传播有限公司,,,,,
杭州量道网络科技有限公司,,,,,
北京万盟在线科技有限公司,,,,,
广州橘子黄网络科技有限公司,,,,,
湖南西子电商品牌管理有限公司-Muscl,,,,,
武汉维客泰美电子商务发展有限公司,,,,,
广州一家私人定制科技有限公司,,,,,
广州优选电子商务有限公司,,,,,
上海拓趣科技有限公司,,,,,
上海金抖云网络信息科技有限公司,,,,,
广州同玩科技,,,,,
福建省秦蜂网络科技有限公司,,,,,
昆山百美腾巴网络科技有限公司,,,,,
厦门青柠檬信息科技有限公司,,,,,
广州市天易盛世科技有限公司,,,,,
爱迈房(深圳)网络科技有限公司,,,,,
厦门陌上花信息技术有限公司,,,,,
杭州如图科技有限公司,,,,,
上海筱涟网络科技有限公司,,,,,
杭州若盛科技有限公司,,,,,
广州市登峰人网络科技有限公司,,,,,
杭州麦游网络科技有限公司,,,,,
广州卓一传媒有限公司,,,,,
广州好肌肤科技有限公司,,,,,
深圳市天擅传媒有限公司,,,,,
湖南蚂蚁之星传媒有限公司,,,,,
杭州禹联鹏电子商务有限公司,,,,,
江苏凯鸣文化传媒有限公司,,,,,
广州享买商贸有限公司,,,,,
杭州七量网络科技有限公司,,,,,
上海必映科技有限公司,,,,,
石狮市八号人文化传媒有限公司,,,,,
蔡甸区妙聚百货行,,,,,
福州圆圈信息科技有限公司,,,,,
深圳市迈格纳思商务有限公司,,,,,
啊欧埃（云南）广告传媒有限公司,,,,,
上海贯月广告有限公司,,,,,
纯真时代生物科技（广州）有限公司,,,,,
深圳市指尖动力网络技术有限公司,,,,,
万啄网络,,,,,
成都大旗创想信息科技有限公司,,,,,
广州朴念生物科技有限公司,,,,,
广州水云网络科技有限公司,,,,,
合肥瑾瑜商贸有限公司,,,,,
广州星翎信息科技有限公司,,,,,
广州栀露化妆品有限公司,,,,,
合肥市新站区购满百货商行,,,,,
 江苏浪新数据技术有限公司,,,,,
 孙芳伟,,,,,
江西太古游戏科技有限公司,,,,,
广州探途网络技术有限公司,,,,,
北京贯昂科技有限公司,,,,,
上海超凡电子商务有限公司,,,,,
北京康比特体育科技股份有限公司,,,,,
网视互联（广州）科技有限公司,,,,,
祛皱世家（广州）生物科技有限公司,,,,,
广州匠作高端定制科技有限公司-电商组,,,,,
广州傲之美化妆品有限公司,,,,,
重庆英翰广告传媒有限公司,,,,,
上海证意文化传媒有限公司,,,,,
北京天空引擎数字科技有限公司,,,,,
上海泽牛文化传媒有限公司,,,,,
王天富,,,,,
李礼贤,,,,,
上海爱帝尔网络科技有限公司,,,,,
深圳安信慧联科技有限公司,,,,,
广州市信安智囊科技有限公司,,,,,
佛山市禅城区辣甜女士服装贸易商行,,,,,
广州福缘网络科技有限公司,,,,,
广州天磐商贸有限公司,,,,,
厦门果冻信息科技有限公司,,,,,
